attack,esha_fraction,noise,loss,readout,qubits_sent,detected,sifted_bits,sample_bits,qber_sample,qber_sifted,I_AB,I_AE,delta_I,R_asymptotic,abort,ec_leak_bits,residual_errors,final_key_bits,keys_match,secret_bits_per_qubit,sweep,x,qber_theory,I_AE_theory
intercept,0.0,0.0,0.0,0.0,4000,4000,2020,505,0.0,0.0,0.9999999999586942,0.0,0.9999999999586942,0.9999999999173884,False,29,0,1390,True,0.3475,intercept,0.0,0.0,0.0
probe,0.0,0.0,0.0,0.0,4000,4000,2020,505,0.0,0.0,0.9999999999586942,0.0,0.9999999999586942,0.9999999999173884,False,29,0,1390,True,0.3475,probe,0.0,0.0,0.0
intercept,0.2,0.0,0.0,0.0,4000,4000,2056,514,0.054474708171206226,0.04377431906614786,0.7406625970781318,0.09478531457855405,0.6458772824995778,0.38978130849949055,False,490,0,517,True,0.12925,intercept,0.2,0.05,0.1
probe,0.2,0.0,0.0,0.0,4000,4000,2056,514,0.048638132295719845,0.045233463035019454,0.7342068902220464,0.09817978507937326,0.6360271051426731,0.43883313902862653,False,493,0,552,True,0.138,probe,0.2,0.05,0.1
intercept,0.4,0.0,0.0,0.0,4000,4000,1986,496,0.10887096774193548,0.1067472306143001,0.5099740191873792,0.20126372751177718,0.308710291675602,0.006997929096572375,False,932,0,0,False,0.0,intercept,0.4,0.1,0.2
probe,0.4,0.0,0.0,0.0,4000,4000,1986,496,0.09879032258064516,0.09969788519637462,0.5319628198893175,0.19764380154776756,0.3343190183415499,0.06970152773668614,False,903,0,0,False,0.0,probe,0.4,0.1,0.2
intercept,0.6000000000000001,0.0,0.0,0.0,4000,4000,1989,497,0.16297786720321933,0.16792357968828556,0.3470673054261171,0.2899850532130168,0.05708225221310026,0.0,True,0,0,0,False,0.0,intercept,0.6000000000000001,0.15000000000000002,0.30000000000000004
probe,0.6000000000000001,0.0,0.0,0.0,4000,4000,1989,497,0.1529175050301811,0.16842634489693314,0.3459077691310164,0.2968169521398833,0.0490908169911331,0.0,True,0,0,0,False,0.0,probe,0.6000000000000001,0.15000000000000002,0.30000000000000004
intercept,0.8,0.0,0.0,0.0,4000,4000,1962,490,0.19591836734693877,0.21151885830784914,0.25562403116551535,0.3993519824660601,-0.14372795130054472,0.0,True,0,0,0,False,0.0,intercept,0.8,0.2,0.4
probe,0.8,0.0,0.0,0.0,4000,4000,1962,490,0.1836734693877551,0.20285423037716616,0.27240004277417174,0.3999206083552143,-0.12752056558104258,0.0,True,0,0,0,False,0.0,probe,0.8,0.2,0.4
intercept,1.0,0.0,0.0,0.0,4000,4000,2023,506,0.27865612648221344,0.25951557093425603,0.17398551776588356,0.4842288872281451,-0.31024336946226155,0.0,True,0,0,0,False,0.0,intercept,1.0,0.25,0.5
probe,1.0,0.0,0.0,0.0,4000,4000,2023,506,0.21739130434782608,0.24518042511122096,0.19645047181872255,0.5059965938705172,-0.30954612205179466,0.0,True,0,0,0,False,0.0,probe,1.0,0.25,0.5
none,0.0,0.0,0.0,0.0,4000,4000,2008,502,0.0,0.0,0.9999999999586942,0.0,0.9999999999586942,0.9999999999173884,False,26,0,1384,True,0.346,noise,0.0,0.0,0.0
none,0.0,0.03,0.0,0.0,4000,4000,1967,492,0.012195121951219513,0.0157600406710727,0.8830786016389116,0.0,0.8830786016389116,0.8099655086578472,False,218,0,1052,True,0.263,noise,0.03,0.02,0.0
none,0.0,0.06,0.0,0.0,4000,4000,2018,504,0.027777777777777776,0.035678889990089196,0.777883498251368,0.0,0.777883498251368,0.6337558633972544,False,423,0,749,True,0.18725,noise,0.06,0.04,0.0
none,0.0,0.09,0.0,0.0,4000,4000,1989,497,0.05030181086519115,0.05480140774258421,0.6935469745824876,0.0,0.6935469745824876,0.4246447057814928,False,565,0,433,True,0.10825,noise,0.09,0.06,0.0
none,0.0,0.12,0.0,0.0,4000,4000,2035,509,0.10216110019646366,0.0918918918918919,0.557246622338215,0.0,0.557246622338215,0.04838215305440374,False,854,0,0,False,0.0,noise,0.12,0.08,0.0
none,0.0,0.15,0.0,0.0,4000,4000,2005,501,0.08782435129740519,0.09226932668329177,0.556000485167515,0.0,0.556000485167515,0.14166842351608588,False,848,0,0,False,0.0,noise,0.15,0.09999999999999999,0.0
none,0.0,0.18,0.0,0.0,4000,4000,1969,492,0.11585365853658537,0.13052310817673946,0.44112893211347437,0.0,0.44112893211347437,0.0,True,0,0,0,False,0.0,noise,0.18,0.12,0.0
none,0.0,0.21,0.0,0.0,4000,4000,1970,492,0.13008130081300814,0.1314720812182741,0.4385384037436745,0.0,0.4385384037436745,0.0,True,0,0,0,False,0.0,noise,0.21,0.13999999999999999,0.0
none,0.0,0.24,0.0,0.0,4000,4000,1938,484,0.16942148760330578,0.16408668730650156,0.3560028195957776,0.0,0.3560028195957776,0.0,True,0,0,0,False,0.0,noise,0.24,0.16,0.0
